service,what_it_does,used_by,note
Haversine + hub radius,"Straight-line distance from a job's lat/long to the mapped hub centre, compared against hub_radius. Measured from the radius EDGE, not the centre.",TRANSPORT_NOT_RECEIVED (Path 3) | VIOL_R1_FAR_JOB,Source says explicitly: 'Shares the haversine/hub-radius service with Transport Path 3.'
Express / Standard delivery TAT,"Express: same day if ordered before 3PM, next day after. Standard: ~3 days. Deadline 11 PM.",PROD_DELIVERY_DELAY | VIOL_R9_NO_PRODUCT,"Source flags this as an alignment fix: R9 must use this function, NOT a flat 3 days."
Cashfree balance health check + batched alert,"Checks payout-rail balance; raises ONE stakeholder alert per low-balance window, deduped across both wallets.",ARW_TO_BANK | MAIN_WALLET_TO_BANK,"Dedupe is the requirement, not a nicety - two concerns hitting the same low balance must not alert twice."
Pooled emergency counter,"ONE shared monthly counter across Type-1 emergency, R8 health and R10 death. Interim cap 2/month. Only GRANTED removals decrement it.",VIOL_T1_SAMEDAY_LEAVE | VIOL_R8_R10_EMERGENCY,Explicitly prevents stacking 2+2+2 across three flows. Final number is OPEN.
25-job cycle allowance counter,Tracks grants within the SP's current 25-job cycle. Two independent allowances ride on the same cycle mechanism.,VIOL_R3_DELAYED_PREV (SR2) | VIOL_R9_NO_PRODUCT,"Separate allowances, one cycle definition. R9 excludes logistics-failure removals from its count."
Duplicate-credit guard,Idempotency check before any credit: has this Order ID / txn ID already been paid?,TRANSPORT_NOT_RECEIVED | ONLINE_BOOKING_MONEY | RECHARGE_DEBIT_NO_CREDIT | CASHBACK_NOT_RECEIVED,"Appears in four money flows under three different keys (Order ID, PayU txn ID). One service, keyed per action type."
NLU free-text router,Matches free text to a defined concern and hands off. Routing only - the destination flow re-validates against backend facts.,VIOL_R4_OTHERS | VIOL_R6_RUDE | VIOL_T5_JOB_REJECT | VIOL_T6_REJECT_OVER_CALL | PROD_APP_FAILURE | OTHER_FREETEXT_TRIAGE | ONLINE_BOOKING_MONEY,The single most reused AI capability. Source note: 'Safe to trust text for ROUTING only.'
Product fuzzy-match + disambiguation,"Ask product name, show 2-3 best catalogue matches, SP picks the exact item.",PROD_OUT_OF_STOCK | PROD_DELIVERY_DELAY | PROD_APP_FAILURE | VIOL_R9_NO_PRODUCT,Source: 'Shared step ... Reused by every Product L2.'
Partner-customer call log + duration,"Was a call attempted, and how long did it last. Drives three separate verdicts.",VIOL_R2_NOT_RESPONDING | VIOL_T5_JOB_REJECT | VIOL_T6_REJECT_OVER_CALL,30-second threshold is the decision boundary in Types 5 and 6. v2 replaces duration with recording analysis.
Violation removal + automatic strike recalculation,Removes a violation record. Strike removal is a BACKEND consequence once no violations remain for that day.,VIOL_ARCHITECTURE | and every Violations concern with a Remove outcome,CRITICAL: the bot never removes a strike. It removes violations; the backend recomputes. 14 of 21 T2 rules call this.
